split,hbar_s,pfail,label
train,1.524179,0.085043,0
train,1.365434,0.112507,0
train,1.561922,0.079475,0
train,1.780757,0.053287,0
train,1.341462,0.117272,0
train,1.341466,0.117271,1
train,1.794803,0.051918,0
train,1.591859,0.075297,1
train,1.282631,0.129711,0
train,1.535640,0.083316,0
train,1.284146,0.129378,0
train,1.283568,0.129505,0
train,1.460491,0.095245,0
train,0.921680,0.231853,0
train,0.968771,0.215863,0
train,1.259428,0.134919,0
train,1.146792,0.162743,0
train,1.478562,0.092244,0
train,1.172994,0.155884,0
train,1.046924,0.191124,0
train,1.766412,0.054719,0
train,1.343556,0.116849,1
train,1.416882,0.102849,0
train,1.043813,0.192066,1
train,1.263904,0.133901,0
train,1.427731,0.100909,0
train,1.112252,0.172155,0
train,1.493925,0.089760,0
train,1.249840,0.137121,1
train,1.327077,0.120215,0
train,1.249573,0.137183,0
train,1.863070,0.045729,0
train,1.396626,0.106561,0
train,1.135572,0.165754,1
train,1.605636,0.073443,0
train,1.094789,0.177075,0
train,1.452216,0.096648,0
train,0.910082,0.235915,0
train,1.067953,0.184849,0
train,1.449215,0.097161,0
train,1.584617,0.076289,0
train,1.442842,0.098260,0
train,1.371088,0.111408,0
train,1.324724,0.120702,0
train,1.030370,0.196177,0
train,1.220039,0.144161,0
train,1.284840,0.129225,0
train,1.664281,0.066013,0
train,1.485905,0.091049,0
train,0.959240,0.219034,0
train,1.481021,0.091842,0
train,1.303729,0.125126,0
train,1.230769,0.141592,0
train,1.552919,0.080772,0
train,1.657750,0.066805,0
train,1.632820,0.069908,0
train,1.190196,0.151510,0
train,1.322697,0.121123,0
train,1.482816,0.091550,0
train,1.643886,0.068514,0
train,1.280206,0.130248,0
train,1.353585,0.114841,0
train,1.123416,0.169066,1
train,1.100948,0.175327,0
train,1.603131,0.073777,0
train,1.739060,0.057552,0
train,1.381997,0.109314,0
train,1.650883,0.067646,0
train,1.490409,0.090323,0
train,1.238720,0.139714,0
train,1.490349,0.090332,0
train,1.784509,0.052918,0
train,1.391043,0.107604,0
train,1.791161,0.052270,0
train,0.745064,0.298886,0
train,1.605476,0.073465,0
train,1.421762,0.101972,0
train,1.325248,0.120593,1
train,1.422940,0.101761,0
train,0.903108,0.238382,0
train,1.345082,0.116541,0
train,1.489278,0.090504,0
train,1.769474,0.054410,0
train,1.270432,0.132427,0
train,1.197877,0.149590,0
train,1.274561,0.131503,0
train,1.628851,0.070414,0
train,1.482188,0.091652,0
train,1.267560,0.133074,1
train,1.528317,0.084416,0
train,1.424269,0.101524,1
train,1.642161,0.068730,0
train,1.224487,0.143092,0
train,1.318084,0.122086,0
train,1.301973,0.125503,0
train,1.034121,0.195023,0
train,1.474030,0.092988,0
train,1.465264,0.094444,0
train,1.401278,0.105698,1
train,1.341353,0.117294,0
train,1.046157,0.191356,0
train,1.294839,0.127041,0
train,1.314321,0.122877,0
train,1.199431,0.149204,0
train,1.359679,0.113635,0
train,1.501013,0.088634,0
train,1.871546,0.045011,0
train,1.443644,0.098121,0
train,1.464388,0.094590,0
train,1.381389,0.109430,0
train,0.920307,0.232331,0
train,1.393372,0.107168,0
train,1.415058,0.103179,0
train,2.015811,0.034329,0
train,1.351910,0.115174,0
train,1.475387,0.092765,0
train,1.391322,0.107552,0
train,1.107830,0.173390,0
train,1.685706,0.063477,0
train,1.587983,0.075826,0
train,1.597758,0.074498,0
train,1.172653,0.155971,0
train,1.750699,0.056330,0
train,1.049537,0.190336,0
train,1.546714,0.081677,0
train,1.947614,0.039034,0
train,1.152366,0.161264,1
train,1.258426,0.135148,0
train,1.424913,0.101409,0
train,1.274131,0.131599,0
train,1.012334,0.201797,0
train,1.417141,0.102802,0
train,1.134424,0.166065,0
train,1.518398,0.085927,0
train,1.170144,0.156618,0
train,1.787484,0.052627,0
train,1.204187,0.148027,0
train,1.319485,0.121793,0
train,1.603379,0.073744,0
train,1.092284,0.177789,0
train,1.456865,0.095857,0
train,1.726786,0.058867,0
train,0.998129,0.206307,0
train,1.446158,0.097687,0
train,1.464971,0.094493,0
train,1.595456,0.074809,0
train,1.090762,0.178225,1
train,1.069886,0.184281,0
train,1.530485,0.084089,0
train,1.474246,0.092953,0
train,1.462623,0.094886,0
train,1.486612,0.090934,0
train,1.229994,0.141777,0
train,1.458063,0.095655,1
train,1.473268,0.093114,0
train,1.221412,0.143830,0
train,1.866444,0.045442,0
train,1.518458,0.085917,0
train,1.102174,0.174981,0
train,1.564138,0.079158,0
train,1.156330,0.160219,0
train,1.596771,0.074631,0
train,1.689649,0.063021,0
train,1.194829,0.150349,0
train,1.640844,0.068895,0
train,1.503195,0.088290,0
train,1.605515,0.073459,0
train,1.874198,0.044789,0
train,1.338653,0.117842,0
train,1.211566,0.146217,1
train,1.177621,0.154697,1
train,1.196047,0.150045,0
train,1.380725,0.109557,1
train,1.485288,0.091149,0
train,1.469173,0.093792,0
train,1.606796,0.073289,0
train,1.403250,0.105334,0
train,1.763384,0.055026,0
train,1.333836,0.118824,0
train,2.080042,0.030401,0
train,1.556417,0.080266,0
train,1.185711,0.152641,0
train,1.132277,0.166647,0
train,1.520618,0.085586,0
train,1.344134,0.116732,0
train,1.578500,0.077136,1
train,1.518309,0.085940,1
train,1.381793,0.109353,0
train,1.188302,0.151987,1
train,1.021288,0.198992,0
train,1.288371,0.128450,1
train,1.614100,0.072325,0
train,1.453523,0.096425,0
train,1.088565,0.178854,0
train,1.443295,0.098181,0
train,1.496329,0.089376,0
train,1.179036,0.154336,0
train,1.438431,0.099026,0
train,1.414552,0.103270,0
train,1.114257,0.171597,0
train,1.489447,0.090477,0
train,1.540196,0.082638,0
train,1.670763,0.065236,0
train,1.663451,0.066113,0
train,1.055583,0.188521,0
train,1.165544,0.157810,0
train,1.528759,0.084349,1
train,1.528446,0.084396,0
train,1.528762,0.084349,0
train,2.363183,0.017707,0
train,1.542723,0.082264,0
train,1.683891,0.063688,0
train,1.638500,0.069189,0
train,1.562848,0.079343,0
train,1.321183,0.121439,0
train,1.589742,0.075586,0
train,1.206794,0.147386,0
train,1.340795,0.117407,1
train,1.278659,0.130591,0
train,1.420469,0.102204,0
train,1.978665,0.036820,0
train,0.933184,0.227872,0
train,1.571565,0.078107,0
train,0.996821,0.206726,0
train,1.282017,0.129847,0
train,1.672238,0.065061,0
train,1.416070,0.102996,0
train,1.130564,0.167112,0
train,1.221174,0.143888,0
train,1.569899,0.078341,0
train,1.217408,0.144797,0
train,1.454115,0.096324,0
train,1.411393,0.103843,0
train,1.237100,0.140095,1
train,1.935986,0.039896,0
train,1.558480,0.079969,0
train,0.893714,0.241732,1
train,1.446614,0.097608,0
train,1.234553,0.140696,1
train,1.613108,0.072455,0
train,1.201870,0.148599,1
train,1.371316,0.111364,1
train,1.526247,0.084729,0
train,1.616439,0.072019,1
train,1.099926,0.175616,0
train,1.316375,0.122445,0
train,1.281264,0.130014,0
train,1.236668,0.140197,0
train,1.841364,0.047616,0
train,1.501245,0.088597,0
train,1.084779,0.179944,1
train,1.629465,0.070336,0
train,1.930539,0.040306,0
train,1.658116,0.066760,0
train,1.020158,0.199345,1
train,1.278941,0.130528,1
train,1.716728,0.059966,0
train,1.223083,0.143429,1
train,1.510955,0.087076,0
train,1.593659,0.075053,0
train,1.168267,0.157104,0
train,1.385119,0.108722,0
train,0.589683,0.366131,0
train,1.143903,0.163514,0
train,1.336858,0.118207,0
train,1.088054,0.179001,0
train,1.808103,0.050653,0
train,1.042465,0.192476,0
train,1.289989,0.128096,0
train,1.432685,0.100033,0
train,1.760318,0.055339,0
train,1.041034,0.192910,0
train,1.690791,0.062889,0
train,1.402558,0.105462,0
train,1.154623,0.160668,0
train,1.515526,0.086369,0
train,1.449765,0.097067,0
train,1.249946,0.137097,1
train,1.417451,0.102747,0
train,1.303672,0.125139,0
train,1.428379,0.100794,0
train,1.565533,0.078960,0
train,1.796504,0.051755,0
train,1.090546,0.178286,0
train,1.933258,0.040101,0
train,0.911978,0.235248,0
train,1.362054,0.113169,0
train,1.547079,0.081624,0
train,1.470248,0.093614,1
train,1.244325,0.138402,0
train,1.347969,0.115961,0
train,1.276750,0.131015,0
train,1.252659,0.136471,0
train,1.612401,0.072548,0
train,1.489254,0.090508,1
train,1.226773,0.142545,1
train,1.624900,0.070921,0
train,1.476825,0.092528,0
train,1.603216,0.073766,0
train,1.557407,0.080123,0
train,1.192751,0.150869,0
train,1.259955,0.134799,0
train,1.586823,0.075986,0
train,1.552593,0.080819,0
train,1.394775,0.106906,0
train,1.429332,0.100625,1
train,1.719416,0.059670,0
train,1.252107,0.136598,0
train,1.536774,0.083147,0
train,1.349452,0.115665,0
train,1.345580,0.116441,0
train,1.674694,0.064769,0
train,1.606354,0.073348,0
train,1.603377,0.073744,0
train,1.726370,0.058912,0
train,1.405251,0.104966,0
train,1.570488,0.078258,0
train,1.322433,0.121178,0
train,1.481042,0.091839,0
train,1.367464,0.112111,0
train,1.424249,0.101528,0
train,1.548789,0.081373,0
train,1.195445,0.150195,1
train,1.923097,0.040872,0
train,1.148496,0.162290,1
train,1.096453,0.176601,0
train,1.689528,0.063035,0
train,1.597916,0.074477,0
train,1.556030,0.080322,0
train,1.557086,0.080169,0
train,1.396938,0.106503,0
train,1.175686,0.155192,0
train,1.418951,0.102476,0
train,1.230710,0.141607,1
train,1.643780,0.068528,0
train,1.363236,0.112937,0
train,1.193626,0.150650,0
train,1.319654,0.121758,1
train,1.503233,0.088284,0
train,1.259069,0.135001,0
train,1.194445,0.150445,0
train,1.460922,0.095172,0
train,1.461242,0.095118,0
train,1.273264,0.131793,0
train,1.282240,0.129798,0
train,1.458012,0.095663,0
train,1.037979,0.193842,0
train,1.048134,0.190759,1
train,1.220389,0.144077,0
train,1.346638,0.116228,0
train,1.477727,0.092381,0
train,1.768839,0.054474,0
train,1.614415,0.072284,0
train,1.360015,0.113569,0
train,1.395246,0.106818,0
train,1.149368,0.162058,0
train,1.395372,0.106794,0
train,1.327835,0.120058,0
train,1.480680,0.091898,1
train,1.193192,0.150758,0
train,1.529837,0.084186,0
train,1.783185,0.053048,0
train,1.372810,0.111075,0
train,1.500428,0.088726,0
train,1.572536,0.077970,0
train,1.299695,0.125992,1
train,1.456023,0.096000,0
train,1.403148,0.105353,0
train,1.424419,0.101497,0
train,1.206748,0.147397,1
train,1.406128,0.104805,0
train,1.524500,0.084994,0
train,1.762786,0.055087,0
train,1.639818,0.069024,0
train,1.938296,0.039723,0
train,1.208163,0.147049,0
train,1.618080,0.071805,0
train,1.445836,0.097742,1
train,1.947451,0.039046,0
train,1.197925,0.149578,1
train,1.190070,0.151542,0
train,1.250152,0.137049,0
train,0.869026,0.250688,0
train,1.268561,0.132848,0
train,1.210217,0.146547,0
train,1.437598,0.099172,0
train,1.485439,0.091124,0
train,1.869043,0.045222,0
train,1.637606,0.069302,0
train,1.255774,0.135755,0
train,1.175396,0.155267,1
train,1.522980,0.085226,0
train,1.069942,0.184264,0
train,1.857865,0.046175,0
train,1.694860,0.062422,0
train,1.282706,0.129695,0
train,0.971716,0.214890,0
train,1.738468,0.057615,0
train,1.371365,0.111354,0
train,1.709454,0.060773,0
train,1.001393,0.205264,0
train,1.250156,0.137048,1
train,1.401311,0.105692,0
train,1.411745,0.103779,0
train,1.287484,0.128644,0
train,1.555712,0.080367,0
train,1.133095,0.166425,1
train,1.364405,0.112708,0
train,1.430074,0.100494,0
train,1.528610,0.084371,0
train,1.577904,0.077219,0
train,1.118839,0.170327,1
train,1.016471,0.200497,0
train,1.719419,0.059670,0
train,1.483079,0.091507,0
train,1.212878,0.145897,1
train,1.787788,0.052598,0
train,1.428919,0.100698,0
train,1.694824,0.062426,0
train,1.416880,0.102849,0
train,1.915187,0.041483,0
train,1.838835,0.047841,0
train,1.337759,0.118023,0
train,1.642893,0.068638,0
train,1.561344,0.079558,0
train,1.742158,0.057224,0
train,1.158769,0.159578,0
train,1.571513,0.078114,0
train,1.664606,0.065974,0
train,0.960315,0.218674,0
train,1.104185,0.174414,0
train,0.890192,0.242996,1
train,1.332648,0.119067,0
train,1.579386,0.077013,0
train,1.775589,0.053799,0
train,1.418524,0.102553,0
train,1.807154,0.050743,0
train,1.054975,0.188703,1
train,0.974154,0.214087,0
train,1.386113,0.108533,0
train,1.496016,0.089426,0
train,1.391826,0.107457,0
train,0.883139,0.245541,0
train,1.377720,0.110131,0
train,1.073883,0.183109,0
train,1.567418,0.078692,0
train,1.491650,0.090124,0
train,1.165030,0.157943,1
train,1.271533,0.132180,0
train,1.135197,0.165856,0
train,1.384330,0.108871,0
train,1.638786,0.069153,0
train,1.153568,0.160946,0
train,1.526012,0.084765,0
train,1.267436,0.133102,0
train,1.201782,0.148621,0
train,1.373242,0.110992,0
train,1.141189,0.164241,1
train,1.261588,0.134427,1
train,1.100531,0.175445,0
train,1.891181,0.043389,0
train,1.408816,0.104313,0
train,1.225069,0.142952,0
train,1.453495,0.096430,0
train,1.371918,0.111248,0
train,1.344758,0.116607,0
train,1.553542,0.080682,0
train,1.589377,0.075636,0
train,1.267375,0.133116,0
train,1.256045,0.135692,0
train,1.331237,0.119357,0
train,0.824520,0.267383,1
train,1.021202,0.199019,0
train,1.741719,0.057271,0
train,1.811242,0.050359,0
train,1.337741,0.118027,0
train,1.544139,0.082056,0
train,1.477813,0.092366,0
train,2.169720,0.025638,0
train,1.679894,0.064156,0
train,1.368021,0.112003,0
train,1.161115,0.158964,0
train,0.998388,0.206224,0
train,1.450866,0.096879,0
train,1.210912,0.146377,0
train,1.044437,0.191877,0
train,1.238357,0.139799,0
train,1.129613,0.167371,0
train,1.821785,0.049382,0
train,1.620410,0.071502,1
train,1.398007,0.106304,0
train,1.769986,0.054359,0
train,1.419342,0.102406,0
train,1.184679,0.152902,1
train,1.780781,0.053284,0
train,1.534728,0.083452,0
train,1.140688,0.164376,0
train,1.352415,0.115073,0
train,1.181095,0.153811,0
train,1.054300,0.188905,0
train,1.631544,0.070070,0
train,1.877354,0.044525,0
train,1.050358,0.190088,0
train,1.540742,0.082557,0
train,1.237339,0.140039,0
train,1.278219,0.130688,0
train,1.251902,0.136645,0
train,1.184002,0.153073,1
train,1.412130,0.103709,0
train,1.192262,0.150991,0
train,1.467614,0.094052,0
train,1.387440,0.108282,1
train,1.340263,0.117515,0
train,1.173109,0.155854,0
train,1.255807,0.135747,0
train,1.588848,0.075708,0
train,1.525229,0.084883,0
train,1.155611,0.160408,0
train,1.424833,0.101424,0
train,1.587847,0.075845,1
train,0.982649,0.211306,0
train,1.535840,0.083286,0
train,1.234344,0.140745,0
train,1.542650,0.082275,0
train,1.209185,0.146799,0
train,0.948779,0.222552,0
train,0.993114,0.207917,0
train,1.412021,0.103729,0
train,1.464931,0.094499,1
train,1.173921,0.155646,0
train,1.559648,0.079801,0
train,0.984620,0.210665,1
train,1.383480,0.109032,0
train,1.097246,0.176376,1
train,1.237041,0.140109,0
train,1.411850,0.103760,0
train,1.184897,0.152846,0
train,1.303861,0.125098,0
train,1.651573,0.067561,0
train,1.255777,0.135754,0
train,1.608923,0.073007,0
train,1.117573,0.170677,0
train,1.532451,0.083793,0
train,1.760392,0.055331,0
train,0.782089,0.283942,0
train,1.200776,0.148870,1
train,1.544268,0.082037,0
train,1.349239,0.115707,0
train,1.492786,0.089941,1
train,1.249004,0.137315,0
train,1.421647,0.101993,0
train,1.361081,0.113360,0
train,1.691946,0.062756,0
train,1.463605,0.094721,0
train,1.484401,0.091292,1
train,1.297031,0.126567,0
train,1.278098,0.130715,0
train,1.291860,0.127688,0
train,1.498613,0.089014,0
train,1.294754,0.127060,0
train,1.472444,0.093250,0
train,1.918850,0.041199,0
train,1.617781,0.071844,0
train,1.318494,0.122000,0
train,1.700303,0.061802,0
train,1.297981,0.126361,0
train,0.890469,0.242897,0
train,1.147978,0.162428,1
train,0.932302,0.228175,0
train,1.312122,0.123341,0
train,1.404605,0.105085,0
train,1.819109,0.049629,0
train,1.481732,0.091726,0
train,1.345225,0.116513,0
train,1.607351,0.073215,0
train,0.847216,0.258782,0
train,1.458904,0.095513,0
train,1.592716,0.075181,0
train,1.030353,0.196182,0
train,1.685939,0.063450,0
train,1.484624,0.091256,1
train,1.296178,0.126751,0
train,1.558195,0.080009,0
train,1.967673,0.037589,0
train,1.445467,0.097806,1
train,1.462055,0.094982,0
train,1.285160,0.129155,0
train,1.187539,0.152179,0
train,1.607584,0.073185,0
train,1.185979,0.152573,0
train,1.417892,0.102667,0
train,1.280586,0.130164,0
train,1.519745,0.085720,0
train,1.483416,0.091452,1
train,1.659385,0.066606,0
train,1.272496,0.131965,0
train,1.332531,0.119091,0
train,1.155309,0.160487,0
train,1.288927,0.128329,1
train,1.494325,0.089696,0
train,1.589247,0.075654,0
train,1.169459,0.156795,0
train,1.617401,0.071893,0
train,1.738909,0.057568,0
train,1.503359,0.088264,0
train,1.869199,0.045209,0
train,1.206553,0.147445,0
train,1.088836,0.178777,0
train,0.955320,0.220347,1
train,1.774011,0.053956,0
train,1.563591,0.079236,0
train,1.386104,0.108535,0
train,1.469992,0.093656,0
train,1.118628,0.170386,0
train,2.011438,0.034614,0
train,1.432305,0.100100,0
train,1.427349,0.100976,0
train,1.581442,0.076728,0
train,1.520252,0.085642,1
train,1.455971,0.096009,0
train,1.202381,0.148473,0
train,1.517867,0.086008,0
train,1.870506,0.045098,0
train,1.736355,0.057839,0
train,1.798297,0.051583,0
train,1.272196,0.132032,0
train,1.152599,0.161202,0
train,1.368553,0.111900,0
train,1.413931,0.103383,0
train,1.673548,0.064905,0
train,0.976884,0.213191,1
train,1.782388,0.053126,0
train,1.360498,0.113474,0
train,1.293280,0.127380,0
train,1.146974,0.162695,0
train,0.986286,0.210124,0
train,1.605793,0.073422,0
train,1.418329,0.102588,0
train,1.077510,0.182051,0
train,1.076230,0.182423,0
train,1.316054,0.122512,0
train,1.817255,0.049800,0
train,1.335102,0.118565,0
train,1.024214,0.198082,1
train,1.338564,0.117860,1
train,1.331819,0.119238,0
train,0.725778,0.306846,0
train,1.386426,0.108474,0
train,1.342266,0.117109,1
train,1.574052,0.077757,0
train,1.862239,0.045799,0
train,1.681641,0.063951,0
train,1.332778,0.119041,0
train,1.123369,0.169079,0
train,2.043340,0.032589,0
train,1.414805,0.103224,0
train,1.403482,0.105291,0
train,1.393969,0.107056,0
train,1.449521,0.097109,0
train,1.363910,0.112805,0
train,1.256584,0.135569,0
train,1.263285,0.134041,0
train,1.391812,0.107460,0
train,1.264144,0.133846,0
train,1.221789,0.143740,0
train,1.426608,0.101108,0
train,1.336256,0.118330,0
train,1.775998,0.053758,0
train,0.737258,0.302094,0
train,1.672877,0.064985,0
train,1.711521,0.060542,0
train,0.881652,0.246080,0
train,1.314328,0.122876,0
train,1.307140,0.124398,0
train,1.048122,0.190762,0
train,1.205546,0.147692,0
train,1.122356,0.169358,0
train,1.838068,0.047909,0
train,1.633920,0.069768,0
train,1.717889,0.059838,0
train,1.580418,0.076869,0
train,1.117737,0.170632,0
train,1.268870,0.132779,0
train,1.522344,0.085323,0
train,1.094468,0.177166,0
train,1.578250,0.077171,0
train,1.339919,0.117585,0
train,1.306295,0.124578,0
train,1.577740,0.077242,0
train,1.511066,0.087059,1
train,1.309758,0.123842,0
train,1.689832,0.062999,0
train,1.129734,0.167338,0
train,1.553984,0.080618,0
train,1.548275,0.081449,0
train,1.322613,0.121141,0
train,1.481533,0.091758,0
train,1.087222,0.179241,0
train,1.631007,0.070139,0
train,1.353774,0.114803,0
train,1.269319,0.132678,1
train,1.662252,0.066258,0
train,1.223914,0.143229,0
train,1.047885,0.190834,0
train,1.010843,0.202267,0
train,1.551502,0.080978,0
train,1.079893,0.181358,0
train,1.838699,0.047853,0
train,0.879518,0.246855,0
train,1.824114,0.049169,0
train,1.452754,0.096556,0
train,1.375822,0.110495,1
train,1.263770,0.133931,0
train,1.499784,0.088828,0
train,1.390591,0.107689,0
train,1.675825,0.064635,0
train,1.428557,0.100762,0
train,1.437575,0.099176,0
train,1.309097,0.123982,0
train,1.385764,0.108599,0
train,1.476950,0.092508,0
train,0.972458,0.214646,0
train,1.062954,0.186326,0
train,1.585816,0.076124,0
train,1.442716,0.098282,0
train,1.354004,0.114757,0
train,1.404608,0.105084,0
train,1.486895,0.090889,0
train,1.265060,0.133639,1
train,1.205424,0.147722,0
train,1.448961,0.097205,0
train,1.155407,0.160462,0
train,1.502063,0.088468,0
train,0.974354,0.214021,0
train,1.657289,0.066861,0
train,1.518149,0.085965,0
train,1.464007,0.094654,0
train,1.645673,0.068292,0
train,1.816369,0.049882,0
train,1.653593,0.067313,0
train,0.939781,0.225610,1
train,1.080106,0.181296,0
train,1.243795,0.138526,0
train,1.406523,0.104733,0
train,1.529415,0.084250,0
train,1.218564,0.144517,0
train,1.446692,0.097595,1
train,1.211154,0.146318,0
train,1.247121,0.137752,0
train,1.048335,0.190698,0
train,1.169192,0.156864,0
train,1.062079,0.186586,1
train,1.156032,0.160297,0
train,1.663410,0.066118,1
train,1.162650,0.158563,0
train,2.058096,0.031692,0
train,1.523329,0.085172,0
train,1.446209,0.097678,0
train,1.185411,0.152716,0
train,1.575077,0.077614,0
train,1.256091,0.135682,0
train,1.430502,0.100418,0
train,2.040021,0.032794,0
train,1.375985,0.110464,0
train,1.687318,0.063290,0
train,1.224206,0.143159,0
train,1.391253,0.107565,0
train,1.842700,0.047498,0
train,1.243258,0.138651,0
train,1.853112,0.046586,0
train,1.576938,0.077354,0
train,1.259383,0.134929,0
train,1.558102,0.080023,0
train,1.643139,0.068608,0
train,1.555452,0.080405,0
train,1.007444,0.203341,0
train,1.218216,0.144602,0
train,1.338120,0.117950,0
train,1.381392,0.109430,0
train,1.555168,0.080446,0
train,1.444425,0.097986,0
train,1.066164,0.185377,0
train,1.495049,0.089580,0
train,1.552646,0.080812,0
train,1.539948,0.082675,0
train,1.670195,0.065304,0
train,1.608481,0.073066,0
train,1.514795,0.086481,0
train,1.382459,0.109226,1
train,0.984760,0.210619,0
train,1.507405,0.087630,0
train,1.451922,0.096698,0
train,1.467895,0.094005,0
train,1.080813,0.181091,0
train,1.129736,0.167338,0
train,1.663288,0.066133,0
train,1.390111,0.107779,0
train,1.570375,0.078274,0
train,1.407080,0.104631,0
train,1.407439,0.104565,0
train,1.634571,0.069686,0
train,1.270989,0.132303,0
train,1.424030,0.101567,0
train,1.284431,0.129315,0
train,1.291376,0.127794,1
train,1.322707,0.121121,0
train,1.455533,0.096083,0
train,1.280313,0.130224,0
train,1.713939,0.060274,0
train,1.176348,0.155023,0
train,1.353282,0.114901,0
train,1.290067,0.128079,0
train,1.761744,0.055193,0
train,1.449139,0.097174,0
train,1.657961,0.066779,0
train,1.028610,0.196720,0
train,1.466763,0.094193,1
train,1.622408,0.071243,0
train,1.420571,0.102185,0
train,1.666370,0.065762,0
train,1.270678,0.132372,0
train,1.752337,0.056160,0
train,1.974725,0.037094,0
train,1.309290,0.123941,0
train,1.288624,0.128395,0
train,1.763346,0.055030,0
train,1.794893,0.051910,0
train,1.269285,0.132685,0
train,1.294953,0.127016,0
train,1.329554,0.119703,0
train,1.063887,0.186050,0
train,1.170337,0.156568,0
train,1.148965,0.162165,0
train,1.208051,0.147077,0
train,1.391329,0.107551,0
train,1.458554,0.095572,0
train,1.787625,0.052613,0
train,1.150411,0.161781,1
train,1.646081,0.068241,0
train,1.346503,0.116256,0
train,1.387634,0.108246,0
train,1.568705,0.078510,0
train,1.119319,0.170194,0
train,1.495602,0.089492,0
train,1.441613,0.098473,0
train,1.523113,0.085205,0
train,1.472292,0.093275,1
train,2.013825,0.034458,1
train,1.240565,0.139281,0
train,1.267251,0.133144,1
train,1.244215,0.138428,0
train,1.261131,0.134531,0
train,1.240653,0.139260,0
train,1.697254,0.062148,0
train,1.755126,0.055872,1
train,1.257313,0.135402,0
train,1.191911,0.151079,0
train,1.517854,0.086010,0
train,1.261944,0.134346,1
train,1.558233,0.080004,1
train,1.450731,0.096902,0
train,1.021064,0.199062,0
train,1.786876,0.052686,0
train,1.848969,0.046947,0
train,1.246803,0.137825,0
train,1.303075,0.125266,0
train,1.471466,0.093412,0
train,1.483614,0.091420,0
train,1.564636,0.079088,0
train,1.902551,0.042476,0
train,1.355763,0.114409,0
train,1.200426,0.148957,0
train,1.055170,0.188644,0
train,1.217267,0.144831,0
train,1.391718,0.107478,0
train,1.848639,0.046975,0
train,1.270597,0.132390,0
train,1.455947,0.096013,0
train,1.395894,0.106697,0
train,1.697098,0.062166,0
train,2.031733,0.033312,0
train,1.267283,0.133136,0
train,1.277640,0.130817,0
train,1.661040,0.066405,1
train,1.570473,0.078260,0
train,1.861677,0.045848,0
train,1.545982,0.081785,0
train,1.310177,0.123753,0
train,1.547664,0.081538,0
train,1.677176,0.064476,0
train,1.605121,0.073512,0
train,1.526819,0.084642,1
train,1.666669,0.065726,0
train,1.692324,0.062712,0
train,1.745540,0.056869,0
train,1.562177,0.079438,1
train,1.358220,0.113923,1
train,1.436678,0.099333,0
train,1.701627,0.061652,0
train,1.195766,0.150115,0
train,1.492168,0.090040,0
train,1.301665,0.125569,0
train,1.407186,0.104611,0
train,1.719613,0.059649,0
train,1.447775,0.097409,0
train,1.411609,0.103804,0
train,1.060036,0.187193,1
train,1.586563,0.076021,0
train,1.561371,0.079554,0
train,1.940814,0.039536,0
train,1.323055,0.121049,0
train,1.454788,0.096210,0
train,1.462346,0.094933,0
train,1.794363,0.051961,0
train,1.376176,0.110427,0
train,1.469755,0.093695,0
train,1.551974,0.080909,0
train,1.446652,0.097602,0
train,1.288392,0.128446,0
train,1.448522,0.097280,0
train,1.668408,0.065517,0
train,1.143371,0.163657,0
train,1.433242,0.099935,0
train,1.224970,0.142976,0
train,1.698762,0.061977,0
train,1.019203,0.199643,0
train,1.260270,0.134727,1
train,1.494303,0.089699,0
train,1.791381,0.052249,0
train,1.383562,0.109017,0
train,1.261200,0.134515,0
train,1.870289,0.045117,0
train,1.037997,0.193837,0
train,0.850299,0.257628,0
train,1.510004,0.087224,0
train,1.274486,0.131520,1
train,1.144692,0.163304,0
train,1.577089,0.077332,0
train,1.460950,0.095167,0
train,1.258980,0.135021,0
train,1.079924,0.181349,0
train,1.618114,0.071800,0
train,1.562550,0.079385,0
train,1.375206,0.110614,0
train,1.861659,0.045849,0
train,1.132479,0.166592,1
train,1.018619,0.199825,0
train,1.227023,0.142485,0
train,1.388603,0.108063,0
train,1.460835,0.095187,0
train,1.339691,0.117631,0
train,1.488014,0.090708,0
train,1.087115,0.179271,0
train,1.760941,0.055275,0
train,1.379462,0.109798,1
train,1.679324,0.064223,0
train,1.485681,0.091085,0
train,1.514188,0.086575,0
train,1.542442,0.082306,1
train,1.511927,0.086925,0
train,1.560681,0.079653,0
train,1.732288,0.058274,0
train,1.449130,0.097176,0
train,1.577251,0.077310,0
train,1.377566,0.110161,1
train,1.760029,0.055368,0
train,1.230902,0.141561,1
train,1.850235,0.046836,0
train,1.389961,0.107808,0
train,1.042306,0.192524,0
train,1.432026,0.100149,0
train,1.229737,0.141838,0
train,1.610161,0.072844,0
train,1.236844,0.140155,0
train,1.288454,0.128432,0
train,0.927615,0.229793,0
train,1.286923,0.128767,0
train,0.794030,0.279220,0
train,1.004024,0.204426,1
train,1.590104,0.075537,0
train,1.596450,0.074675,1
train,1.506364,0.087792,0
train,1.158256,0.159713,0
train,1.388072,0.108163,0
train,1.399099,0.106101,0
train,1.110409,0.172669,0
train,1.775850,0.053773,0
train,1.619341,0.071641,0
train,1.344759,0.116606,0
train,1.406721,0.104696,0
train,1.452096,0.096668,0
train,0.889566,0.243221,0
train,1.338206,0.117933,0
train,1.229504,0.141893,0
train,1.149595,0.161998,0
train,1.329725,0.119668,0
train,1.849422,0.046907,0
train,1.560211,0.079720,0
train,1.257205,0.135427,0
train,1.543146,0.082202,0
train,1.749839,0.056419,0
train,1.631158,0.070119,0
train,1.414908,0.103206,0
train,1.238266,0.139821,0
train,1.574556,0.077687,0
train,1.498371,0.089052,0
train,1.623798,0.071063,0
train,1.558793,0.079923,0
train,1.662388,0.066242,0
train,1.266191,0.133383,0
train,1.729349,0.058590,0
train,1.449400,0.097130,0
train,1.918815,0.041202,0
train,1.227703,0.142323,0
train,1.833991,0.048274,0
train,1.449478,0.097116,0
train,1.237145,0.140084,0
train,1.279029,0.130509,0
train,1.319913,0.121704,0
train,1.506041,0.087843,0
train,1.530709,0.084055,0
train,1.256575,0.135571,1
train,1.393911,0.107067,0
train,1.935568,0.039927,0
train,1.831886,0.048464,0
train,1.509081,0.087368,1
train,1.409501,0.104188,1
train,1.430008,0.100505,0
train,1.553379,0.080705,0
train,1.144302,0.163408,0
train,1.335656,0.118452,0
train,0.982854,0.211240,0
train,1.499806,0.088825,0
train,1.561799,0.079492,0
train,1.279203,0.130470,0
train,1.793497,0.052044,0
train,1.093559,0.177425,0
train,1.033906,0.195089,0
train,1.456113,0.095985,0
train,1.661775,0.066316,0
train,1.820982,0.049456,0
train,1.285279,0.129128,0
train,1.669670,0.065367,1
train,1.390373,0.107730,0
train,1.356843,0.114195,0
train,1.620915,0.071436,0
train,1.563081,0.079309,0
train,1.005902,0.203830,0
train,1.769135,0.054445,0
train,1.745023,0.056923,0
train,1.243609,0.138569,0
train,1.498951,0.088960,0
train,1.523508,0.085145,0
train,1.465168,0.094460,0
train,1.262424,0.134237,0
train,1.232094,0.141278,0
train,1.393611,0.107123,0
train,1.693182,0.062614,0
train,1.535900,0.083277,0
train,1.307346,0.124354,0
train,1.592925,0.075152,0
train,0.687864,0.322832,1
train,1.687191,0.063305,0
train,0.965072,0.217090,0
train,1.309390,0.123920,0
train,1.120083,0.169984,0
train,1.076330,0.182395,0
train,1.690207,0.062956,0
train,1.283075,0.129614,0
train,1.486626,0.090932,0
train,1.388270,0.108126,0
train,1.519260,0.085794,0
train,1.419205,0.102431,0
train,1.079252,0.181544,0
train,1.649067,0.067871,0
train,1.276561,0.131057,1
train,1.010855,0.202263,0
train,1.292971,0.127447,0
train,1.775190,0.053838,0
train,1.612555,0.072528,0
train,1.312837,0.123190,0
train,1.312686,0.123222,0
train,1.319591,0.121771,0
train,1.919187,0.041173,0
train,1.495484,0.089511,0
train,1.507510,0.087613,0
train,1.657571,0.066827,0
train,1.459697,0.095379,0
train,1.335239,0.118537,1
train,1.350913,0.115373,0
train,1.382100,0.109295,0
train,1.390694,0.107670,0
train,1.581907,0.076663,0
train,1.412986,0.103554,1
train,1.583160,0.076490,0
train,1.379821,0.109729,0
train,1.419659,0.102349,0
train,0.900450,0.239326,0
train,1.629082,0.070385,0
train,1.486622,0.090933,0
train,1.649503,0.067817,0
train,0.675936,0.327951,1
train,1.922094,0.040949,0
train,1.365103,0.112572,0
train,1.677046,0.064491,0
train,1.140024,0.164554,0
train,1.553193,0.080732,0
train,1.136646,0.165464,0
train,1.244058,0.138464,0
train,1.878508,0.044429,0
train,1.352329,0.115091,0
train,1.454358,0.096283,1
train,1.617517,0.071878,0
train,1.523920,0.085082,0
train,1.437605,0.099171,0
train,1.491240,0.090189,0
train,2.000854,0.035312,0
train,1.385595,0.108631,0
train,1.450275,0.096980,0
train,1.662664,0.066208,0
train,1.676381,0.064570,0
train,1.696758,0.062205,0
train,1.559683,0.079796,0
train,1.114249,0.171599,0
train,1.808358,0.050629,0
train,1.113414,0.171831,0
train,1.475659,0.092720,0
train,1.211431,0.146250,0
train,1.383965,0.108940,0
train,1.482191,0.091651,0
train,1.480339,0.091953,0
train,1.505480,0.087931,0
train,1.803428,0.051095,0
train,1.513384,0.086700,0
train,1.338961,0.117779,0
train,1.641022,0.068873,0
train,1.697368,0.062135,0
train,1.093098,0.177557,0
train,1.549350,0.081292,1
train,1.575293,0.077583,0
train,1.325609,0.120518,0
train,1.743927,0.057038,0
train,1.362486,0.113084,0
train,1.431394,0.100261,0
train,1.356732,0.114217,0
train,1.403895,0.105215,0
train,1.125931,0.168377,0
train,1.039987,0.193229,0
train,1.798626,0.051552,0
train,1.188260,0.151997,0
train,1.152152,0.161321,1
train,0.861652,0.253406,0
train,1.240260,0.139352,0
train,1.069228,0.184474,0
train,1.810504,0.050428,0
train,1.652454,0.067453,0
train,1.227962,0.142261,1
train,1.963109,0.037914,0
train,1.645441,0.068321,0
train,1.318792,0.121938,0
train,0.775149,0.286709,0
train,1.972736,0.037233,0
train,1.052607,0.189413,0
train,0.988650,0.209358,0
train,1.655643,0.067062,0
train,2.009938,0.034712,0
train,1.746068,0.056813,1
train,1.540977,0.082522,0
train,1.548689,0.081388,0
train,1.613354,0.072423,0
train,1.589732,0.075587,0
train,1.470298,0.093605,0
train,1.426050,0.101207,0
train,1.384352,0.108867,0
train,1.211509,0.146231,1
train,1.329831,0.119646,0
train,0.976761,0.213231,0
train,1.375415,0.110573,1
train,1.152852,0.161135,0
train,1.124103,0.168878,0
train,1.444974,0.097891,0
train,1.748001,0.056611,0
train,1.629579,0.070321,0
train,1.007375,0.203363,1
train,1.152593,0.161204,0
train,1.635193,0.069607,0
train,1.154378,0.160733,0
train,1.343842,0.116791,0
train,1.537513,0.083037,0
train,1.157914,0.159802,0
train,1.426344,0.101155,0
train,1.066494,0.185280,0
train,1.249658,0.137163,1
train,1.479945,0.092017,0
train,1.001752,0.205150,0
train,1.510119,0.087206,0
train,1.395091,0.106847,0
train,1.538122,0.082946,0
train,1.455979,0.096008,0
train,1.741035,0.057343,0
train,1.431306,0.100276,0
train,1.292649,0.127517,1
train,1.430574,0.100405,1
train,1.535825,0.083288,0
train,1.412215,0.103694,0
train,1.410148,0.104070,0
train,1.224502,0.143088,0
train,1.234275,0.140762,0
train,1.049349,0.190392,0
train,1.837394,0.047970,0
train,1.089034,0.178720,0
train,1.226774,0.142545,1
train,1.220398,0.144075,0
train,1.623731,0.071072,0
train,1.326263,0.120383,0
train,1.711936,0.060496,0
train,1.231627,0.141389,0
train,1.469749,0.093697,0
train,1.191163,0.151267,0
train,1.936287,0.039873,0
train,1.103100,0.174719,0
train,1.477455,0.092425,0
train,1.558444,0.079974,0
train,1.503450,0.088250,0
train,1.353678,0.114822,0
train,1.367545,0.112096,0
train,1.410953,0.103923,0
train,1.363249,0.112934,1
train,1.640970,0.068879,0
train,1.952631,0.038668,0
train,1.260627,0.134645,0
train,1.057549,0.187934,1
train,1.377929,0.110091,0
train,2.044927,0.032492,0
train,1.199081,0.149290,0
train,1.809779,0.050496,0
train,1.819425,0.049599,0
train,1.261603,0.134423,0
train,1.542246,0.082335,0
train,1.807099,0.050748,0
train,1.305218,0.124808,0
train,1.349105,0.115734,1
train,1.254580,0.136029,0
train,1.146311,0.162872,0
train,1.237681,0.139958,0
train,1.094015,0.177295,0
train,1.408521,0.104367,0
train,1.207507,0.147211,0
train,1.458446,0.095590,0
train,1.011026,0.202209,0
train,1.482720,0.091565,0
train,1.608382,0.073079,0
train,0.901566,0.238929,0
train,1.493514,0.089825,1
train,1.706917,0.061056,0
train,1.097590,0.176278,1
train,1.818143,0.049718,0
train,1.504755,0.088045,1
train,1.223747,0.143269,0
train,1.386058,0.108544,0
train,1.539582,0.082729,0
train,1.419001,0.102467,0
train,1.534689,0.083458,0
train,1.169832,0.156699,0
train,1.442340,0.098347,0
train,1.046571,0.191231,0
train,1.372193,0.111194,0
train,1.174023,0.155619,0
train,1.216118,0.145110,0
train,1.709023,0.060821,0
train,1.672828,0.064990,0
train,1.552285,0.080864,0
train,1.126922,0.168106,0
train,1.320898,0.121498,0
train,1.703274,0.061466,0
train,1.435429,0.099551,0
train,1.979832,0.036739,0
train,1.498329,0.089058,0
train,1.448012,0.097368,0
train,1.322721,0.121118,0
train,1.433385,0.099910,0
train,1.361883,0.113202,0
train,1.577027,0.077341,0
train,1.639176,0.069104,0
train,1.203503,0.148196,1
train,1.067192,0.185074,0
train,0.940949,0.225212,0
train,1.526998,0.084615,0
train,1.124158,0.168863,1
train,0.861777,0.253359,0
train,1.497145,0.089247,1
train,2.023250,0.033850,0
train,1.398482,0.106216,0
train,1.609623,0.072915,0
train,1.420457,0.102206,0
train,1.375278,0.110600,0
train,1.629769,0.070297,0
train,1.327431,0.120141,0
train,1.466848,0.094179,1
train,1.480424,0.091939,0
train,1.232977,0.141069,0
train,1.648011,0.068002,0
train,1.356260,0.114310,0
train,1.211064,0.146340,0
train,1.534127,0.083542,0
train,1.175383,0.155270,1
train,1.407045,0.104637,0
train,1.397720,0.106357,0
train,1.671474,0.065151,0
train,1.518675,0.085884,0
train,1.393743,0.107098,0
train,1.604442,0.073602,0
train,1.747552,0.056658,0
train,1.539453,0.082748,0
train,1.402588,0.105456,0
train,1.072041,0.183648,0
train,1.133722,0.166255,0
train,1.323694,0.120916,0
train,1.247622,0.137635,0
train,1.353257,0.114906,0
train,1.414162,0.103341,0
train,1.532423,0.083797,0
train,1.382375,0.109242,0
train,1.521625,0.085432,0
train,1.416119,0.102987,0
train,0.906133,0.237310,1
train,1.165166,0.157908,0
train,1.363978,0.112792,0
train,1.097576,0.176282,0
train,1.549982,0.081199,0
train,1.782688,0.053097,0
train,1.704690,0.061306,0
train,1.346639,0.116228,0
train,1.772682,0.054089,0
train,1.437167,0.099247,1
train,1.315729,0.122581,0
train,1.246649,0.137861,1
train,1.324383,0.120773,1
train,1.302956,0.125292,1
train,1.442604,0.098301,0
train,1.440143,0.098728,0
train,1.400762,0.105793,0
train,1.509235,0.087344,0
train,1.697662,0.062102,0
train,1.637389,0.069329,0
train,1.028776,0.196669,0
train,0.761520,0.292189,0
train,1.633580,0.069811,0
train,1.058280,0.187716,0
train,1.343809,0.116798,0
train,1.107472,0.173491,0
train,0.949505,0.222307,1
train,1.535366,0.083357,0
train,1.589789,0.075580,0
train,1.255872,0.135732,1
train,0.752239,0.295955,0
train,1.263439,0.134006,1
train,1.497951,0.089119,0
train,1.030272,0.196207,0
train,1.445840,0.097742,0
train,1.396173,0.106645,0
train,1.544823,0.081955,0
train,1.429895,0.100525,0
train,1.156733,0.160113,0
train,1.699143,0.061933,0
train,1.360368,0.113500,1
train,1.393174,0.107205,1
train,1.166683,0.157514,0
train,1.289179,0.128273,0
train,1.178799,0.154396,0
train,1.356763,0.114211,0
train,1.827927,0.048822,0
train,1.057025,0.188090,1
train,0.996610,0.206794,0
train,1.767793,0.054580,0
train,1.347669,0.116022,0
train,1.232732,0.141127,1
train,1.659976,0.066534,0
train,1.248596,0.137409,0
train,1.856502,0.046292,0
train,1.569481,0.078400,0
train,1.278022,0.130732,0
train,1.939327,0.039646,0
train,1.248571,0.137415,0
train,1.585524,0.076164,0
train,1.474823,0.092858,0
train,1.725435,0.059014,0
train,1.790378,0.052346,0
train,1.408001,0.104462,0
train,1.211646,0.146198,0
train,1.514993,0.086451,0
train,1.230571,0.141640,0
train,1.903347,0.042413,0
train,1.434134,0.099779,1
train,1.308670,0.124073,0
train,1.446170,0.097685,0
train,1.063218,0.186248,0
train,1.157096,0.160017,0
train,1.700103,0.061824,0
train,1.235776,0.140407,0
val,1.138272,0.165026,0
val,1.534163,0.083537,0
val,1.696426,0.062243,0
val,1.579738,0.076964,0
val,1.649012,0.067878,1
val,1.210801,0.146404,0
val,1.044547,0.191843,0
val,1.775333,0.053824,0
val,1.319330,0.121826,1
val,1.337292,0.118119,0
val,1.732049,0.058300,0
val,1.539058,0.082807,0
val,1.513972,0.086609,0
val,1.941251,0.039503,0
val,1.239120,0.139620,0
val,1.631960,0.070017,0
val,1.414253,0.103324,0
val,1.467148,0.094129,0
val,1.782117,0.053153,0
val,1.526959,0.084621,0
val,1.534574,0.083475,0
val,1.668127,0.065551,0
val,1.308762,0.124053,1
val,1.190198,0.151509,0
val,1.138798,0.164884,0
val,0.908411,0.236505,0
val,1.914052,0.041571,0
val,1.124198,0.168852,1
val,1.344687,0.116621,0
val,1.330797,0.119448,0
val,1.476852,0.092524,0
val,1.603934,0.073670,0
val,1.615118,0.072192,0
val,1.254231,0.136109,0
val,1.358220,0.113923,0
val,1.470645,0.093548,0
val,1.337827,0.118010,0
val,1.801836,0.051246,0
val,1.522744,0.085262,0
val,1.583719,0.076413,0
val,1.565720,0.078933,0
val,1.693368,0.062593,0
val,1.445255,0.097843,0
val,1.075792,0.182551,0
val,1.499922,0.088806,0
val,1.237161,0.140081,0
val,1.267846,0.133009,0
val,1.546591,0.081695,0
val,1.709571,0.060760,0
val,1.405318,0.104954,0
val,1.477208,0.092466,0
val,1.825554,0.049038,0
val,1.460188,0.095296,0
val,2.050421,0.032156,0
val,1.541377,0.082463,0
val,0.959809,0.218843,0
val,1.588335,0.075778,0
val,1.495290,0.089542,0
val,1.722438,0.059340,0
val,1.568295,0.078568,0
val,1.365386,0.112516,0
val,1.093925,0.177321,0
val,1.347744,0.116007,0
val,1.187370,0.152221,0
val,1.254869,0.135962,0
val,1.547145,0.081614,0
val,1.817476,0.049779,0
val,1.498668,0.089005,0
val,1.101029,0.175304,1
val,1.511151,0.087046,0
val,1.699158,0.061932,0
val,1.247554,0.137651,0
val,1.366496,0.112300,0
val,1.403672,0.105256,0
val,1.203775,0.148129,0
val,1.562070,0.079454,0
val,1.369763,0.111665,0
val,1.504883,0.088025,0
val,1.178127,0.154568,0
val,1.290635,0.127955,0
val,1.580595,0.076845,0
val,1.306792,0.124472,0
val,1.831741,0.048477,0
val,1.300091,0.125907,0
val,1.456171,0.095975,0
val,1.633148,0.069866,1
val,1.045409,0.191583,0
val,0.959798,0.218847,1
val,1.018586,0.199835,1
val,1.715646,0.060085,0
val,1.262035,0.134325,0
val,2.039550,0.032824,0
val,1.258938,0.135030,1
val,1.446138,0.097690,0
val,1.785527,0.052818,0
val,1.901523,0.042558,0
val,1.915376,0.041468,0
val,1.702092,0.061599,0
val,1.656016,0.067016,0
val,1.548132,0.081470,0
val,1.594590,0.074926,0
val,1.262204,0.134287,0
val,1.195450,0.150194,1
val,1.399156,0.106091,0
val,1.357454,0.114074,0
val,1.286693,0.128818,0
val,1.574097,0.077751,0
val,1.638826,0.069148,0
val,1.422102,0.101911,0
val,1.769383,0.054420,0
val,1.114578,0.171508,1
val,1.351585,0.115239,1
val,1.220794,0.143979,0
val,0.933366,0.227809,0
val,1.379330,0.109823,0
val,1.369563,0.111704,0
val,1.778362,0.053523,0
val,1.557703,0.080080,0
val,1.143953,0.163501,0
val,1.863523,0.045690,1
val,1.705258,0.061242,0
val,1.545524,0.081852,0
val,1.343379,0.116885,0
val,1.160140,0.159219,0
val,1.306948,0.124439,0
val,1.672187,0.065067,0
val,1.871147,0.045044,0
val,1.785811,0.052790,0
val,1.277788,0.130784,0
val,1.120096,0.169980,0
val,1.435222,0.099588,0
val,0.957890,0.219485,0
val,1.480792,0.091879,0
val,1.363099,0.112964,0
val,1.283491,0.129522,0
val,1.001324,0.205286,0
val,1.528400,0.084403,0
val,1.266825,0.133240,0
val,1.107521,0.173477,0
val,0.681934,0.325371,0
val,1.393121,0.107215,0
val,1.843063,0.047466,0
val,1.815315,0.049980,0
val,1.285726,0.129030,0
val,1.249447,0.137212,0
val,1.517194,0.086112,1
val,1.150404,0.161784,0
val,1.475448,0.092755,0
val,1.591520,0.075343,0
val,1.706733,0.061077,0
val,1.374961,0.110661,0
val,1.349082,0.115739,0
val,1.180504,0.153962,0
val,1.193280,0.150736,0
val,1.343380,0.116884,0
val,1.491841,0.090093,0
val,1.628396,0.070472,0
val,1.199205,0.149260,0
val,1.773172,0.054040,0
val,1.332219,0.119155,0
val,1.394658,0.106928,1
val,1.213197,0.145819,0
val,0.793940,0.279256,0
val,1.621011,0.071424,0
val,1.584211,0.076345,0
val,1.329668,0.119680,0
val,1.416748,0.102873,0
val,1.528985,0.084315,0
val,1.009364,0.202734,1
val,1.267737,0.133034,0
val,1.598566,0.074389,0
val,1.086428,0.179469,0
val,1.473389,0.093094,0
val,1.060855,0.186949,0
val,1.516607,0.086202,0
val,1.391090,0.107596,1
val,0.996217,0.206920,1
val,1.691185,0.062843,0
val,1.216352,0.145053,0
val,1.197437,0.149699,1
val,1.450142,0.097002,0
val,1.687159,0.063309,0
val,1.146045,0.162943,0
val,1.415420,0.103113,0
val,1.507204,0.087661,0
val,1.573276,0.077866,0
val,1.444110,0.098040,0
val,1.308243,0.124163,0
val,1.193102,0.150781,0
val,1.421536,0.102013,0
val,1.131965,0.166731,0
val,0.669662,0.330659,0
val,1.509140,0.087359,0
val,1.625984,0.070782,0
val,0.809267,0.273265,0
val,1.147567,0.162537,1
val,1.554789,0.080501,0
val,1.914374,0.041546,0
val,1.405198,0.104976,0
val,1.217999,0.144654,0
val,1.354276,0.114704,0
val,1.743719,0.057060,0
val,1.238509,0.139763,0
val,1.200202,0.149012,0
val,1.279314,0.130445,0
val,1.161668,0.158820,0
val,1.430668,0.100389,0
val,1.806170,0.050835,0
val,1.480770,0.091883,0
val,1.336912,0.118196,0
val,1.327047,0.120221,1
val,1.009202,0.202785,0
val,1.620777,0.071454,0
val,1.380541,0.109592,0
val,1.354880,0.114584,0
val,2.198277,0.024280,0
val,1.474688,0.092880,0
val,1.212052,0.146098,0
val,1.293411,0.127351,0
val,1.687111,0.063314,0
val,1.428318,0.100804,0
val,1.040431,0.193094,0
val,1.629807,0.070292,0
val,1.232964,0.141072,1
val,1.868324,0.045282,0
val,1.670012,0.065326,0
val,1.288170,0.128494,1
val,1.720254,0.059579,1
val,1.416964,0.102834,0
val,1.613193,0.072444,0
val,1.521183,0.085500,0
val,1.188411,0.151959,0
val,1.239113,0.139622,0
val,1.657490,0.066836,0
val,1.316306,0.122459,0
val,1.299088,0.126123,0
val,1.161219,0.158937,0
val,1.505900,0.087865,0
val,1.915631,0.041448,0
val,1.133117,0.166419,0
val,1.406055,0.104819,0
val,1.753055,0.056086,0
val,1.380090,0.109678,0
val,1.513093,0.086745,0
val,1.134402,0.166071,0
val,1.507077,0.087681,0
val,1.353214,0.114915,0
val,1.646432,0.068197,0
val,1.696847,0.062195,0
val,2.047391,0.032341,0
val,1.544908,0.081942,0
val,1.481449,0.091772,0
val,1.448596,0.097268,0
val,1.311708,0.123429,0
val,1.484621,0.091257,0
val,1.326150,0.120406,1
val,1.442115,0.098386,0
val,1.729399,0.058585,0
val,1.148364,0.162325,0
val,1.684970,0.063563,0
val,1.729279,0.058598,0
val,1.370483,0.111525,0
val,0.869536,0.250501,0
val,1.248045,0.137537,0
val,1.724249,0.059143,0
val,1.394283,0.106998,0
val,1.150174,0.161844,0
val,1.273806,0.131672,0
val,1.610155,0.072844,0
val,1.536683,0.083160,0
val,1.340267,0.117514,0
val,1.308294,0.124153,0
val,1.302060,0.125484,0
val,1.169397,0.156811,0
val,1.803844,0.051055,0
val,1.319420,0.121807,0
val,1.704290,0.061351,0
val,1.780329,0.053329,0
val,1.649578,0.067808,0
val,1.292095,0.127637,0
val,1.500933,0.088646,0
val,1.393951,0.107060,0
val,1.174075,0.155606,0
val,1.481090,0.091831,0
val,1.105240,0.174117,0
val,1.696920,0.062186,0
val,1.283846,0.129444,0
val,1.450290,0.096977,0
val,1.470822,0.093519,0
val,1.335274,0.118530,0
val,1.546673,0.081683,0
val,1.281274,0.130011,0
val,1.617824,0.071838,0
val,1.063505,0.186163,0
val,1.431595,0.100225,0
val,1.884732,0.043916,0
val,1.149917,0.161913,0
val,1.230564,0.141641,1
val,1.528477,0.084392,0
val,1.444895,0.097905,0
test,1.487658,0.090766,0
test,1.522297,0.085330,1
test,1.558680,0.079940,0
test,1.677425,0.064446,0
test,1.502455,0.088406,0
test,1.339686,0.117632,0
test,1.568143,0.078590,0
test,1.874970,0.044724,0
test,1.366842,0.112233,1
test,1.156368,0.160209,0
test,1.676770,0.064524,0
test,1.369905,0.111637,0
test,0.856833,0.255192,0
test,1.611855,0.072620,0
test,1.266168,0.133388,0
test,1.377367,0.110199,0
test,1.482995,0.091521,0
test,1.447625,0.097434,0
test,1.577363,0.077294,0
test,1.291128,0.127848,0
test,1.528276,0.084422,0
test,1.335113,0.118563,1
test,1.584703,0.076277,0
test,1.553842,0.080638,1
test,1.166140,0.157655,0
test,1.671496,0.065149,0
test,1.266009,0.133424,0
test,1.602014,0.073927,0
test,1.491822,0.090096,0
test,1.859546,0.046030,0
test,1.344134,0.116732,0
test,1.312671,0.123225,0
test,1.395145,0.106837,0
test,1.324205,0.120810,0
test,1.599985,0.074199,0
test,0.995922,0.207014,0
test,1.136579,0.165482,0
test,1.133049,0.166437,0
test,1.637577,0.069306,0
test,1.827653,0.048847,0
test,1.373888,0.110867,0
test,1.357795,0.114007,0
test,1.417513,0.102735,0
test,1.690470,0.062926,0
test,1.168162,0.157131,0
test,1.459592,0.095396,1
test,1.643799,0.068525,0
test,1.525274,0.084877,0
test,1.447395,0.097474,0
test,1.650262,0.067723,0
test,0.724192,0.307506,0
test,1.569469,0.078402,0
test,1.236481,0.140241,0
test,0.942342,0.224737,1
test,1.527801,0.084494,0
test,1.743415,0.057092,0
test,1.365638,0.112467,0
test,1.638219,0.069225,0
test,1.803070,0.051129,0
test,1.728729,0.058657,0
test,1.809991,0.050476,0
test,1.585532,0.076163,0
test,1.418858,0.102493,0
test,0.999509,0.205866,1
test,1.338484,0.117876,0
test,1.189188,0.151763,1
test,1.942736,0.039393,0
test,1.356029,0.114356,0
test,1.430801,0.100365,0
test,1.537871,0.082983,0
test,1.410901,0.103933,0
test,1.823763,0.049201,0
test,1.244338,0.138399,0
test,1.448652,0.097258,1
test,1.214382,0.145531,0
test,1.069994,0.184249,0
test,1.247058,0.137766,0
test,1.390741,0.107661,1
test,1.292674,0.127511,0
test,1.226895,0.142516,1
test,1.048421,0.190672,0
test,1.379224,0.109843,0
test,1.023820,0.198204,0
test,1.590014,0.075549,0
test,1.420610,0.102179,0
test,1.035612,0.194566,0
test,1.322698,0.121123,0
test,1.211961,0.146121,0
test,1.479794,0.092042,0
test,1.735113,0.057972,0
test,0.931207,0.228552,0
test,1.428757,0.100727,0
test,1.359967,0.113579,0
test,1.567835,0.078633,0
test,1.453299,0.096463,0
test,1.212008,0.146109,1
test,1.320237,0.121636,0
test,1.200994,0.148816,0
test,1.669002,0.065446,0
test,1.405328,0.104952,0
test,1.875298,0.044697,0
test,1.384835,0.108775,0
test,1.222898,0.143473,0
test,1.021571,0.198904,0
test,0.949215,0.222405,0
test,1.003966,0.204445,1
test,1.466782,0.094190,0
test,1.527181,0.084587,0
test,1.004702,0.204211,0
test,1.623760,0.071068,0
test,1.279235,0.130463,0
test,1.436698,0.099329,0
test,1.803055,0.051130,0
test,1.624210,0.071010,0
test,1.332867,0.119022,0
test,1.177202,0.154804,0
test,0.862046,0.253260,0
test,1.220212,0.144120,0
test,1.347217,0.116112,0
test,1.153205,0.161042,0
test,1.367186,0.112166,0
test,1.419213,0.102429,0
test,1.343786,0.116802,0
test,1.237499,0.140001,0
test,1.442164,0.098377,0
test,1.510485,0.087149,0
test,1.127400,0.167975,0
test,1.752733,0.056119,0
test,1.375353,0.110585,0
test,1.404712,0.105065,0
test,1.577054,0.077337,0
test,1.458304,0.095614,0
test,1.638284,0.069217,0
test,1.471781,0.093360,0
test,1.246891,0.137805,0
test,1.490376,0.090328,0
test,1.114068,0.171649,1
test,1.427140,0.101013,0
test,1.391693,0.107482,1
test,1.347971,0.115961,0
test,1.367866,0.112033,0
test,0.929538,0.229128,0
test,1.262819,0.134147,0
test,1.423211,0.101713,0
test,1.439964,0.098759,0
test,1.143081,0.163734,0
test,1.716427,0.059999,0
test,1.183456,0.153211,1
test,1.642364,0.068704,0
test,1.506799,0.087724,0
test,1.238443,0.139779,0
test,1.843828,0.047398,0
test,1.101591,0.175145,0
test,1.629789,0.070294,0
test,1.650146,0.067737,0
test,1.232345,0.141219,0
test,1.748116,0.056599,1
test,1.337488,0.118078,0
test,1.472173,0.093295,1
test,1.465080,0.094474,0
test,1.366423,0.112314,0
test,1.602702,0.073835,0
test,1.598372,0.074415,0
test,0.962867,0.217823,0
test,1.726085,0.058943,0
test,0.984377,0.210744,0
test,1.658137,0.066758,0
test,1.681676,0.063947,0
test,1.127258,0.168014,0
test,1.297296,0.126509,0
test,1.123574,0.169023,0
test,1.346270,0.116302,0
test,1.322991,0.121062,0
test,1.594915,0.074882,1
test,1.727577,0.058782,0
test,1.748921,0.056515,0
test,1.259458,0.134912,0
test,1.347695,0.116017,0
test,0.979140,0.212452,0
test,1.198532,0.149427,0
test,1.641213,0.068849,0
test,1.803896,0.051050,0
test,1.091413,0.178038,0
test,1.251884,0.136649,0
test,1.393399,0.107163,0
test,1.470040,0.093648,1
test,1.197599,0.149659,0
test,1.506015,0.087847,0
test,1.281540,0.129952,0
test,1.396387,0.106605,0
test,1.536571,0.083177,1
test,1.401606,0.105638,0
test,1.290904,0.127897,1
test,1.372598,0.111116,0
test,1.377909,0.110095,0
test,1.307497,0.124322,0
test,1.335301,0.118525,0
test,1.799662,0.051453,1
test,1.540230,0.082633,0
test,1.326130,0.120411,0
test,1.574239,0.077731,0
test,1.316545,0.122409,0
test,1.693281,0.062603,0
test,1.492411,0.090002,0
test,1.373174,0.111005,0
test,1.511929,0.086925,0
test,1.007281,0.203393,1
test,1.118308,0.170474,0
test,1.101519,0.175166,0
test,1.435736,0.099498,0
test,1.833129,0.048352,0
test,1.957825,0.038292,0
test,1.559513,0.079820,0
test,1.525211,0.084886,0
test,0.949736,0.222229,1
test,1.264332,0.133804,0
test,1.203054,0.148307,0
test,1.244788,0.138294,0
test,1.357964,0.113973,0
test,1.281977,0.129856,0
test,0.905175,0.237649,1
test,1.586978,0.075964,0
test,1.131814,0.166772,1
test,1.459812,0.095359,1
test,1.918521,0.041224,0
test,1.170154,0.156616,0
test,0.767428,0.289806,0
test,1.328499,0.119921,0
test,1.675240,0.064704,0
test,1.889587,0.043519,0
test,1.092613,0.177695,0
test,1.524175,0.085044,0
test,1.283672,0.129482,0
test,1.373513,0.110940,0
test,2.061086,0.031513,0
test,1.024257,0.198068,0
test,1.463435,0.094750,0
test,1.516923,0.086153,0
test,1.671447,0.065155,0
test,1.424496,0.101484,0
test,1.477013,0.092498,0
test,1.302088,0.125478,0
test,1.467282,0.094107,0
test,1.314202,0.122902,0
test,1.555393,0.080414,0
test,1.307597,0.124301,0
test,1.494275,0.089704,0
test,1.392684,0.107297,0
test,1.681513,0.063966,0
test,1.387152,0.108337,0
test,0.956742,0.219870,0
test,1.715480,0.060104,0
test,1.173567,0.155736,0
test,1.236558,0.140223,0
test,1.251085,0.136834,0
test,1.743610,0.057071,0
test,0.866081,0.251771,0
test,2.184437,0.024929,0
test,1.664014,0.066045,0
test,1.455810,0.096036,0
test,1.386276,0.108502,0
test,1.471389,0.093425,1
test,1.530281,0.084119,0
test,1.561304,0.079563,0
test,1.538901,0.082830,0
test,1.422395,0.101859,0
test,1.350665,0.115422,0
test,1.362182,0.113143,0
test,1.351273,0.115301,0
test,1.683443,0.063741,0
test,1.548389,0.081432,0
test,0.664903,0.332722,0
test,1.563975,0.079182,0
test,1.448684,0.097252,0
test,1.395323,0.106804,1
test,1.302870,0.125310,0
test,1.681028,0.064023,0
test,1.636882,0.069393,0
test,1.206781,0.147389,0
test,1.501763,0.088515,1
test,1.157086,0.160020,0
test,1.055095,0.188667,0
test,1.243321,0.138636,0
test,1.615598,0.072129,0
test,1.638281,0.069217,0
test,1.528271,0.084423,0
test,1.581274,0.076751,0
test,1.529045,0.084306,0
test,1.239630,0.139500,0
test,1.507981,0.087540,0
test,1.600102,0.074183,0
test,1.588573,0.075746,0
test,1.697228,0.062151,0
test,1.577076,0.077334,0
test,1.487862,0.090733,0
test,1.667538,0.065622,0
test,1.393370,0.107168,0
test,1.179531,0.154210,0
test,1.359233,0.113723,0
test,1.213774,0.145679,0
